product_author,product_image,product_name,product_price
"
    
        
        
            Preethaji
        
    
,Krishnaji,
    
        
        
            Audio CD
        
    
,
    
        
        
            Nidhi Kumar
        
    
,Arihant Experts,Arihant Experts,Shantanu Jain,Disha Experts,Arihant Experts,SURENDRA MOHAN PATHAK,Sushobhit,Think Tank of Kiran Prakashan,, ,Pratiyogita Kiran,, et al.,के.वी.एस. मदान,Arihant Experts,Arihant Experts,Arihant Experts,Arihant Experts,J.K. Rowling,, ,John Tiffany,, et al.,
    
        
        
            visit the help section
        
    
,
    
        
        
            contact us
        
    
","https://m.media-amazon.com/images/I/71rPgNi2aHL._AC_UY218_.jpg,https://m.media-amazon.com/images/I/71l1uvJLJZL._AC_UY218_.jpg,https://m.media-amazon.com/images/I/41WVuB9ZRIL._AC_UY218_.jpg,https://m.media-amazon.com/images/I/51fSumhSy0L._AC_UY218_.jpg,https://m.media-amazon.com/images/I/41t2psKKWTL._AC_UY218_.jpg,https://m.media-amazon.com/images/I/71aKO4aATcL._AC_UY218_.jpg,https://m.media-amazon.com/images/I/51x6sswLiqL._AC_UY218_.jpg,https://m.media-amazon.com/images/I/71W1r2DOykL._AC_UY218_.jpg,https://m.media-amazon.com/images/I/717duSVYsaL._AC_UY218_.jpg,https://m.media-amazon.com/images/I/51yTxUIYT1L._AC_UY218_.jpg,https://m.media-amazon.com/images/I/41d1ILR9T3L._AC_UY218_.jpg,https://m.media-amazon.com/images/I/71qSVqyibSL._AC_UY218_.jpg,https://m.media-amazon.com/images/I/71H5pijrkdL._AC_UY218_.jpg,https://m.media-amazon.com/images/I/51ISOWnchFL._AC_UY218_.jpg,https://m.media-amazon.com/images/I/71klHS0kBjL._AC_UY218_.jpg,https://m.media-amazon.com/images/I/81uWr4LrS1L._AC_UY218_.jpg","The Four Sacred Secrets: For Love and Prosperity, A Guide to Living in a Beautiful State,Born to be Yours,Study Guide NTSE (MAT + SAT) for Class 10th 2019-2020,NVS-PGT Commerce Guide 2019,This Too Shall Pass,TARGET SNAP 2019 (Past Papers 2005 - 2018) + 5 Mock Tests 11th Edition,NVS-PGT Biology Guide 2019,Jaa Ke Bairi Sanmukh Jeevay,Mouth Organ,Kiran IBPS RRBS Gramin Bank Office Assistant Clerk CWE VIII Preliminary Exam Practice Work Book (2600),NTA UGC - NET/SET/ JRF Paper  I - Sikshan Evam Shodh Abhiyogita | Includes 2019 Paper | Third Edition | By Pearson,KVPY 10 Years Solved Papers 2018-2009 Stream SA,KVPY 10 Years Solved Papers 2018-2009 Stream SB/SX,NVS-PGT Physics Guide 2019,NVS-TGT English Guide 2019,Harry Potter aur Shapit Santan","399,05,295,500,239,215,267,188,140,140,25,296,184,196,.,99,197,319"
